{
	"partitions" : [
		{
			"name" : "Top",
			"pins" : [
				{
					"name" : "testvalue[0]",
					"strict" : false
				},
				{
					"name" : "testvalue[1]",
					"strict" : false
				},
				{
					"name" : "testvalue[2]",
					"strict" : false
				},
				{
					"name" : "testvalue[3]",
					"strict" : false
				},
				{
					"name" : "testvalue[4]",
					"strict" : false
				},
				{
					"name" : "testvalue[5]",
					"strict" : false
				},
				{
					"name" : "testvalue[6]",
					"strict" : false
				},
				{
					"name" : "testvalue[7]",
					"strict" : false
				},
				{
					"name" : "testvalue[8]",
					"strict" : false
				},
				{
					"name" : "testvalue[9]",
					"strict" : false
				},
				{
					"name" : "testvalue[10]",
					"strict" : false
				},
				{
					"name" : "testvalue[11]",
					"strict" : false
				},
				{
					"name" : "testvalue[12]",
					"strict" : false
				},
				{
					"name" : "testvalue[13]",
					"strict" : false
				},
				{
					"name" : "testvalue[14]",
					"strict" : false
				},
				{
					"name" : "testvalue[15]",
					"strict" : false
				},
				{
					"name" : "testvalue[16]",
					"strict" : false
				},
				{
					"name" : "testvalue[17]",
					"strict" : false
				},
				{
					"name" : "testvalue[18]",
					"strict" : false
				},
				{
					"name" : "testvalue[19]",
					"strict" : false
				},
				{
					"name" : "testvalue[20]",
					"strict" : false
				},
				{
					"name" : "testvalue[21]",
					"strict" : false
				},
				{
					"name" : "testvalue[22]",
					"strict" : false
				},
				{
					"name" : "testvalue[23]",
					"strict" : false
				},
				{
					"name" : "testvalue[24]",
					"strict" : false
				},
				{
					"name" : "testvalue[25]",
					"strict" : false
				},
				{
					"name" : "testvalue[26]",
					"strict" : false
				},
				{
					"name" : "testvalue[27]",
					"strict" : false
				},
				{
					"name" : "testvalue[28]",
					"strict" : false
				},
				{
					"name" : "testvalue[29]",
					"strict" : false
				},
				{
					"name" : "testvalue[30]",
					"strict" : false
				},
				{
					"name" : "testvalue[31]",
					"strict" : false
				},
				{
					"name" : "clk",
					"strict" : false
				},
				{
					"name" : "areset",
					"strict" : false
				}
			]
		}
	]
}